{"ZbeMNLwASVo.mkv": {"dimensions": [720.0, 1280.0], "fps": 29.97002997002997, "nFrames": 173613.0}, "l8_Mk3-sZsQ.mkv": {"dimensions": [720.0, 1280.0], "fps": 23.976036866359447, "nFrames": 131655.0}, "Ic0LMbDyc9Y.mkv": {"dimensions": [1080.0, 1920.0], "fps": 23.976023976023978, "nFrames": 115215.0}, "rRL0Ce8e-RY.mkv": {"dimensions": [1080.0, 1440.0], "fps": 15.0, "nFrames": 255136.0}, "ZsgPK0XGYoM.mp4": {"dimensions": [480.0, 656.0], "fps": 25.0, "nFrames": 83719.0}, "rJibAAUEMDY.mkv": {"dimensions": [1080.0, 1920.0], "fps": 25.0, "nFrames": 138741.0}, "w-jIrlwuv2Y.mkv": {"dimensions": [480.0, 854.0], "fps": 25.0, "nFrames": 135152.0}, "tDF-BqFfF78.mkv": {"dimensions": [480.0, 854.0], "fps": 30.0, "nFrames": 111849.0}, "i9cuy3teV0w.mkv": {"dimensions": [720.0, 1280.0], "fps": 29.97002997002997, "nFrames": 99080.0}, "9f8r96-it6c.mkv": {"dimensions": [480.0, 854.0], "fps": 25.0, "nFrames": 258469.0}, "AwlY-zteegM.mkv": {"dimensions": [480.0, 720.0], "fps": 29.97002997002997, "nFrames": 202474.0}, "ipBRBABLSAk.mkv": {"dimensions": [480.0, 854.0], "fps": 25.0, "nFrames": 77997.0}, "--205wugM18.mkv": {"dimensions": [480.0, 600.0], "fps": 25.0, "nFrames": 57949.0}, "2eTGj8zPykM.mkv": {"dimensions": [480.0, 640.0], "fps": 30.0, "nFrames": 168689.0}, "QTf_v67C5KI.mp4": {"dimensions": [480.0, 624.0], "fps": 29.97002997002997, "nFrames": 168654.0}, "7SGCpWCNN84.mp4": {"dimensions": [480.0, 654.0], "fps": 25.0, "nFrames": 87925.0}, "BV1VreCWZ64.mkv": {"dimensions": [480.0, 630.0], "fps": 25.0, "nFrames": 215184.0}, "BLDTynQwGRI.mkv": {"dimensions": [528.0, 1280.0], "fps": 24.0, "nFrames": 146622.0}, "G0gDuIVKiXg.mkv": {"dimensions": [1080.0, 1920.0], "fps": 23.976023976023978, "nFrames": 174178.0}, "O8xkUcUJPNo.mkv": {"dimensions": [480.0, 640.0], "fps": 30.0, "nFrames": 98948.0}, "Z0FEElATNjk.mkv": {"dimensions": [1080.0, 1920.0], "fps": 25.0, "nFrames": 139649.0}, "ZS2C28fDC9U.mp4": {"dimensions": [720.0, 1280.0], "fps": 23.976023976023978, "nFrames": 156432.0}, "K-tICG1ek-E.mp4": {"dimensions": [480.0, 640.0], "fps": 25.0, "nFrames": 81116.0}, "E-6ruyZFfZs.mkv": {"dimensions": [480.0, 788.0], "fps": 25.0, "nFrames": 231172.0}, "0OLtK6SeTwo.mp4": {"dimensions": [1080.0, 1920.0], "fps": 29.97002997002997, "nFrames": 109118.0}, "sV3zZROy0uc.mkv": {"dimensions": [1080.0, 1920.0], "fps": 25.0, "nFrames": 45758.0}, "P5EhajqkqPw.mkv": {"dimensions": [480.0, 640.0], "fps": 25.0, "nFrames": 167012.0}, "HeKz7BELAQc.mkv": {"dimensions": [480.0, 852.0], "fps": 30.0, "nFrames": 140427.0}, "VNZ8JDb8sks.mkv": {"dimensions": [470.0, 854.0], "fps": 25.0, "nFrames": 151921.0}, "hgmK4Epb02E.mkv": {"dimensions": [480.0, 620.0], "fps": 25.0, "nFrames": 124884.0}, "A9WSiEDeu0I.mkv": {"dimensions": [534.0, 1280.0], "fps": 25.0, "nFrames": 148491.0}, "3-ivkPTSTSw.mp4": {"dimensions": [480.0, 640.0], "fps": 29.97002997002997, "nFrames": 185671.0}, "HtXWX0LnifY.mp4": {"dimensions": [720.0, 1280.0], "fps": 25.0, "nFrames": 67821.0}, "HPd4eMvs1Kg.mp4": {"dimensions": [480.0, 848.0], "fps": 25.0, "nFrames": 149041.0}, "Sntyb4omSfU.mkv": {"dimensions": [1080.0, 1920.0], "fps": 29.97002997002997, "nFrames": 188691.0}, "xauSNGP5yA0.mkv": {"dimensions": [480.0, 640.0], "fps": 25.0, "nFrames": 55428.0}, "Wgytpy6TeUA.mp4": {"dimensions": [480.0, 654.0], "fps": 25.0, "nFrames": 86611.0}, "cYt6NaQgcEk.mp4": {"dimensions": [480.0, 640.0], "fps": 25.0, "nFrames": 139926.0}, "yQdi5Ke4dNY.mkv": {"dimensions": [480.0, 640.0], "fps": 29.97002997002997, "nFrames": 89103.0}, "GQxKfbvL3mg.mkv": {"dimensions": [480.0, 854.0], "fps": 25.0, "nFrames": 51123.0}, "55R6Ng9w65o.mkv": {"dimensions": [480.0, 640.0], "fps": 29.97002997002997, "nFrames": 186210.0}, "WhkON_S-pQc.mp4": {"dimensions": [720.0, 1280.0], "fps": 25.0, "nFrames": 60579.0}, "bUVls-bf0jM.mkv": {"dimensions": [480.0, 640.0], "fps": 25.0, "nFrames": 160336.0}, "_kbrVsCaaPo.mp4": {"dimensions": [480.0, 600.0], "fps": 29.97002997002997, "nFrames": 90005.0}, "O5y8zKl9X2E.mp4": {"dimensions": [480.0, 654.0], "fps": 25.0, "nFrames": 88028.0}, "Gsm_ZBStr0s.mp4": {"dimensions": [480.0, 640.0], "fps": 29.970212745933075, "nFrames": 159222.0}, "kvFlbTK812w.mkv": {"dimensions": [480.0, 720.0], "fps": 29.97002997002997, "nFrames": 163928.0}, "-APF0-L14kw.mkv": {"dimensions": [720.0, 1280.0], "fps": 23.976023976023978, "nFrames": 255532.0}, "A8SUe2Yqn60.mkv": {"dimensions": [1080.0, 1920.0], "fps": 25.0, "nFrames": 82155.0}, "W8TFzEy0gp0.mkv": {"dimensions": [480.0, 600.0], "fps": 29.97002997002997, "nFrames": 156339.0}, "pSdPmmJ3-ng.mp4": {"dimensions": [480.0, 640.0], "fps": 25.0, "nFrames": 151687.0}, "Qes4a8HuyEc.mkv": {"dimensions": [688.0, 1280.0], "fps": 23.976023976023978, "nFrames": 148598.0}, "7QstV153hbA.mkv": {"dimensions": [480.0, 854.0], "fps": 29.97002997002997, "nFrames": 84891.0}, "z5lg_3abT-s.mkv": {"dimensions": [1080.0, 1920.0], "fps": 25.0, "nFrames": 77040.0}, "1XZZnWMP4CU.mkv": {"dimensions": [720.0, 992.0], "fps": 29.97002997002997, "nFrames": 172275.0}, "xdDTWBRWPLQ.mkv": {"dimensions": [480.0, 640.0], "fps": 29.97002997002997, "nFrames": 166337.0}, "RW-H3fN_79I.mp4": {"dimensions": [480.0, 600.0], "fps": 29.97002997002997, "nFrames": 217483.0}, "fT_WjgJ_-r0.mkv": {"dimensions": [480.0, 640.0], "fps": 25.0, "nFrames": 138242.0}, "bNP8Q_8u89A.webm": {"dimensions": [1080.0, 1440.0], "fps": 29.97002997002997, "nFrames": 221294.0}, "JiBiCiK9HjY.mp4": {"dimensions": [480.0, 640.0], "fps": 29.97002997002997, "nFrames": 81264.0}, "xJpDPrwLJh4.mkv": {"dimensions": [720.0, 1280.0], "fps": 25.0, "nFrames": 123481.0}, "OL_Wwo5W1Zs.mp4": {"dimensions": [360.0, 540.0], "fps": 29.87071983911802, "nFrames": 221812.0}, "ViY7CR2TSO8.mkv": {"dimensions": [720.0, 1280.0], "fps": 25.0, "nFrames": 139427.0}, "pSE4Dlork1Y.mp4": {"dimensions": [480.0, 640.0], "fps": 25.0, "nFrames": 65655.0}, "h7Atb503JwY.webm": {"dimensions": [480.0, 640.0], "fps": 25.0, "nFrames": 140153.0}, "tj-VmrMYtUI.mp4": {"dimensions": [480.0, 640.0], "fps": 29.97002997002997, "nFrames": 221168.0}, "EHMP5-9KUdI.mp4": {"dimensions": [480.0, 640.0], "fps": 25.0, "nFrames": 82461.0}, "bzGQK5lH-RA.mkv": {"dimensions": [480.0, 624.0], "fps": 25.0, "nFrames": 101371.0}, "vL7N_xRJKJU.mp4": {"dimensions": [720.0, 1280.0], "fps": 25.0, "nFrames": 71709.0}, "FONjBIXaM-0.mp4": {"dimensions": [480.0, 640.0], "fps": 25.0, "nFrames": 244146.0}, "xH1WLtZ8csM.mp4": {"dimensions": [720.0, 1280.0], "fps": 25.0, "nFrames": 109395.0}, "DaUzhc9_6io.mp4": {"dimensions": [480.0, 640.0], "fps": 29.97002997002997, "nFrames": 169811.0}, "Scg5LeZszCc.mkv": {"dimensions": [480.0, 854.0], "fps": 25.0, "nFrames": 65810.0}, "xYUx0drhUNk.mkv": {"dimensions": [720.0, 1280.0], "fps": 59.94006309148265, "nFrames": 300770.0}, "u97DLHpcw7c.mkv": {"dimensions": [720.0, 1280.0], "fps": 23.976023976023978, "nFrames": 162936.0}, "Z42lnoj2n08.mkv": {"dimensions": [1080.0, 1920.0], "fps": 25.0, "nFrames": 71685.0}, "LO964EmiVfo.mkv": {"dimensions": [1080.0, 1920.0], "fps": 25.0, "nFrames": 127871.0}, "y5o8w0FRj98.mkv": {"dimensions": [480.0, 640.0], "fps": 25.0, "nFrames": 109243.0}, "NUwem2aZa0Y.mp4": {"dimensions": [480.0, 654.0], "fps": 25.0, "nFrames": 83840.0}, "XOe9GeojzCs.mp4": {"dimensions": [720.0, 1280.0], "fps": 29.97002997002997, "nFrames": 153271.0}, "RCNuAys0Hsg.mkv": {"dimensions": [480.0, 600.0], "fps": 25.0, "nFrames": 134026.0}, "6IebItD0ETQ.mkv": {"dimensions": [480.0, 640.0], "fps": 25.0, "nFrames": 142352.0}, "o-ZcbjLBtls.mkv": {"dimensions": [480.0, 854.0], "fps": 29.97002997002997, "nFrames": 309392.0}, "s2z5UASlrP8.mkv": {"dimensions": [480.0, 624.0], "fps": 29.97002997002997, "nFrames": 161175.0}, "zvxnOrzTg0M.mp4": {"dimensions": [480.0, 638.0], "fps": 23.976023987338, "nFrames": 141135.0}, "SoNhz0WJZsI.mkv": {"dimensions": [480.0, 634.0], "fps": 29.97002997002997, "nFrames": 87456.0}, "8FYx0LtfPTE.mkv": {"dimensions": [480.0, 720.0], "fps": 29.97002997002997, "nFrames": 78725.0}, "yRRZkwtJCwU.mkv": {"dimensions": [1080.0, 1920.0], "fps": 25.0, "nFrames": 99327.0},